{
	"info": {
		"_postman_id": "a8f33e23-f18f-4eb0-8422-ffb94e1c1ef1",
		"name": "books API",
		"schema": "https://schema.getpostman.com/json/collection/v2.1.0/collection.json",
		"_exporter_id": "35052435"
	},
	"item": [
		{
			"name": "http://localhost:3000/books",
			"request": {
				"method": "GET",
				"header": [],
				"url": {
					"raw": "http://localhost:3000/books",
					"protocol": "http",
					"host": [
						"localhost"
					],
					"port": "3000",
					"path": [
						"books"
					]
				}
			},
			"response": []
		},
		{
			"name": "http://localhost:3000/books",
			"request": {
				"method": "POST",
				"header": [],
				"body": {
					"mode": "raw",
					"raw": "{\r\n  \"title\": \"1984\",\r\n  \"author\": \"George Orwell\",\r\n  \"year\": 1949\r\n}",
					"options": {
						"raw": {
							"language": "json"
						}
					}
				},
				"url": {
					"raw": "http://localhost:3000/bookS",
					"protocol": "http",
					"host": [
						"localhost"
					],
					"port": "3000",
					"path": [
						"bookS"
					]
				}
			},
			"response": []
		},
		{
			"name": "http://localhost:3000/books/7",
			"request": {
				"method": "PUT",
				"header": [],
				"body": {
					"mode": "raw",
					"raw": "{\r\n  \"title\": \"Animal Farm\",\r\n  \"author\": \"George Orwell\",\r\n  \"year\": 1945\r\n}",
					"options": {
						"raw": {
							"language": "json"
						}
					}
				},
				"url": {
					"raw": "http://localhost:3000/books/7",
					"protocol": "http",
					"host": [
						"localhost"
					],
					"port": "3000",
					"path": [
						"books",
						"7"
					]
				}
			},
			"response": []
		},
		{
			"name": "http://localhost:3000/books/2",
			"request": {
				"method": "DELETE",
				"header": [],
				"url": {
					"raw": "http://localhost:3000/books/2",
					"protocol": "http",
					"host": [
						"localhost"
					],
					"port": "3000",
					"path": [
						"books",
						"2"
					]
				}
			},
			"response": []
		}
	]
}